frequency,recency,T,monetary_value,clv_12m,prob_alive,predicted_purchases_90d
5.0,78.0,104.0,28.110000000000003,490.05349494500825,0.9937641899318308,3.9192302116520246
3.0,108.0,113.0,253.84666666666666,3089.6675919249733,0.9960276116352256,2.416298556822193
1.0,30.0,34.0,40.0,1512.5076709383716,0.8648763174189839,2.254480824272765
1.0,44.0,47.0,211.66,6555.198193812512,0.8702346323765975,1.880600677002911
1.0,49.0,52.0,325.15000000000003,9441.241127706366,0.8707613869654435,1.765670063278949
1.0,16.0,41.0,200.0,5889.486143172888,0.7620674793630475,1.7879144819051869
1.0,7.0,41.0,38.099999999999994,1020.4336819296446,0.6797516722285268,1.5947903457216892
3.0,89.0,112.0,297.19666666666666,3631.764455246769,0.9931616625711271,2.426429601010021
1.0,58.0,100.0,662.25,10787.905194649566,0.7779914940052275,0.9910802755874385
1.0,48.0,72.0,394.59,8594.974851750445,0.8143844112843845,1.3246463433360671
1.0,100.0,116.0,728.88,11592.051888300599,0.8535299919380063,0.9674797662754389
4.0,112.0,116.0,805.26,11147.607098119834,0.9973317596472312,2.988614693940206
1.0,43.0,104.0,76.52000000000001,1100.582651917564,0.7006285639174945,0.8657197834268372
1.0,95.0,100.0,777.91,14174.210612811308,0.8704017315456036,1.1088013103215293
10.0,109.0,111.0,532.054,14991.284956723826,0.9990799895596144,6.955039088905831
4.0,98.0,104.0,435.75,6575.3549219789575,0.9970867931294158,3.2574461792654454
3.0,44.0,56.0,180.26666666666665,3655.188127901013,0.9937993952454952,4.027621659237404
2.0,32.0,60.0,70.75,1213.3260465981018,0.9805478858924587,2.8028676791282963
5.0,98.0,117.0,301.614,4773.236807452816,0.9960414379909327,3.5784293706409533
3.0,40.0,52.0,156.02,3319.743221746445,0.9936025064678842,4.22575852229492
4.0,111.0,114.0,744.5875,10452.685421023067,0.9974175701881615,3.030670579115783
3.0,95.0,111.0,257.49333333333334,3173.7661714833343,0.9944924080922576,2.4470317606407224
2.0,44.0,48.0,861.84,17177.70159988961,0.992171021953576,3.278106823397975
1.0,111.0,117.0,437.97,7056.544692092966,0.8698995603079569,0.9792901008317428
4.0,108.0,111.0,521.005,7471.331918048557,0.99741182569468,3.095590722531363
2.0,16.0,76.0,300.475,4122.950757890129,0.9298867966517435,2.253087502134078
1.0,81.0,112.0,592.05,9313.06808998418,0.8207586865090231,0.9566899825264116
1.0,2.0,27.0,20.32,723.2948459533726,0.7082492040657933,2.0769574780329823
4.0,73.0,111.0,211.79250000000002,3014.3787516191605,0.9892885744519812,3.0703792095575957
1.0,37.0,47.0,1048.08,31513.696519817044,0.8478372604623744,1.8321993479614047
1.0,49.0,75.0,344.1,7241.207749794611,0.8098030457620613,1.279241877757873
1.0,24.0,73.0,196.20000000000002,3564.5932066061737,0.6843469442444747,1.1022318257933506
1.0,22.0,47.0,473.09,13036.271904074063,0.7761572250227317,1.677296844475369
7.0,64.0,74.0,351.15000000000003,10062.121509740386,0.9973792193762289,6.823043721210535
1.0,61.0,80.0,106.05,2210.6251288782023,0.8355382659477564,1.2594205999720682
1.0,3.0,75.0,79.19999999999999,938.9637910447636,0.45214784310627254,0.7142557179383459
1.0,44.0,47.0,85.65,2669.6818036004747,0.8702346323765975,1.880600677002911
2.0,37.0,56.0,1055.92,18953.50408586978,0.9862755672560309,2.951905700762727
1.0,1.0,80.0,180.0,1798.4858260231845,0.4019293047648779,0.605834665847596
6.0,101.0,105.0,536.135,10530.033311833897,0.9982661327278394,4.578222391012576
7.0,98.0,117.0,552.5814285714285,11166.080572114854,0.9964937680039962,4.8088100153484605
2.0,58.0,105.0,649.68,7340.713838241905,0.9774176404523779,1.85590324404414
2.0,51.0,63.0,82.725,1384.4683487935142,0.9900157146445728,2.737659579448857
2.0,72.0,100.0,301.42499999999995,3573.6430580028773,0.9866034946407906,1.9459198443758778
2.0,98.0,109.0,2428.4399999999996,27015.084352469563,0.9914903274731361,1.8280823219290159
1.0,58.0,109.0,228.57999999999998,3391.5946747472935,0.7558900013219195,0.9002060190625081
2.0,101.0,114.0,1576.27,16920.29878947835,0.9911923765443149,1.763665703482947
5.0,92.0,111.0,224.448,3704.1718213211243,0.9958901130246617,3.731225346265009
24.0,110.0,114.0,206.87833333333333,12482.719797237309,0.9993738359413304,15.617896609297496
2.0,59.0,72.0,72.23,1102.2940067156676,0.9900722572822119,2.4938954789487338
1.0,113.0,117.0,1885.3700000000001,30429.243314933,0.8728160208940737,0.9825733085855657
1.0,88.0,115.0,318.86,4982.404974796066,0.831472577034236,0.9490137797655014
1.0,1.0,3.0,278.36,20322.340077818353,0.8650401726310086,4.44298854118424
2.0,80.0,113.0,353.275,3802.092210376927,0.9858428725613496,1.7664937775183327
2.0,53.0,58.0,254.0,4486.901479207818,0.9920415730977687,2.9009076013682185
14.0,103.0,115.0,193.2307142857143,7074.002213378785,0.99801316211505,9.249941803426191
2.0,77.0,117.0,300.175,3135.4636528147203,0.9834597541980884,1.7139686593073384
4.0,88.0,111.0,262.9,3760.534192023428,0.9944598627191522,3.0864289410436254
2.0,100.0,105.0,366.88,4211.665742978639,0.9925033053224901,1.8845476363819393
2.0,77.0,107.0,357.75,4022.002694719225,0.9864339296990843,1.8454923377968884
1.0,60.0,102.0,699.93,11260.950008447831,0.7803172630765969,0.9788866097268101
3.0,94.0,115.0,277.9666666666667,3328.1276039365225,0.9936749151189925,2.377118417517866
1.0,33.0,38.0,63.0,2215.022084432964,0.8622890220968121,2.1135876560565667
2.0,41.0,117.0,341.385,3437.363852875525,0.948181492570624,1.6524858843120132
7.0,112.0,117.0,742.1214285714286,15024.710859870485,0.9984536713635007,4.818267980071289
2.0,92.0,109.0,104.845,1169.8255433005977,0.9902500734078883,1.8257955759381008
1.0,78.0,104.0,221.74,3743.533547556696,0.8289060246465083,1.0242236487273444
7.0,105.0,117.0,401.03000000000003,8114.174957273184,0.997695898089657,4.814611170740788
1.0,26.0,46.0,111.3,3236.7071952567435,0.8032488737958219,1.7589707926517115
1.0,14.0,115.0,144.51,1197.2011264564117,0.4392963798333484,0.5013975558279674
1.0,43.0,75.0,292.5,5978.1015392689,0.7861114287752802,1.2418163472416603
1.0,7.0,116.0,124.0,832.1378742030909,0.3579298106041168,0.4057149166135392
3.0,77.0,115.0,624.7766666666666,7439.647455053478,0.9888562571321494,2.365590984879725
2.0,67.0,77.0,172.575,2502.9578191842315,0.9910964217441751,2.378748575749855
2.0,40.0,103.0,180.41,2033.9945127640121,0.9589807009566395,1.8484712650511343
1.0,90.0,107.0,1609.01,27134.663555267492,0.8496746103943136,1.0267570746278654
3.0,59.0,103.0,247.5,3200.3229477371938,0.9837721488365183,2.567329326971273
1.0,14.0,40.0,164.10000000000002,4839.239691128735,0.7515187174040481,1.7887054515134844
1.0,27.0,44.0,306.6,9256.339261299907,0.8160108990871104,1.8358411475962495
3.0,84.0,108.0,333.62666666666667,4193.575209622091,0.992772097231166,2.496279118832164
2.0,82.0,116.0,918.54,9672.829725573178,0.9857350652299979,1.7297755340771517
1.0,46.0,66.0,456.85,10697.493720876342,0.8238767653049818,1.424626261558047
5.0,98.0,108.0,247.108,4172.706605939628,0.9972670475221529,3.8182055515026865
1.0,28.0,38.0,266.9,9070.76770027938,0.8428736059774734,2.0659978308408298
4.0,112.0,115.0,706.8325,9854.094510899271,0.9974194284268553,3.0096316404275143
6.0,100.0,103.0,337.8333333333333,6737.316216090245,0.9983506803891725,4.647991996005214
1.0,85.0,104.0,212.0,3648.3198699503855,0.8447756021754785,1.0438326226244938
1.0,4.0,112.0,190.3,1219.3298695744768,0.33321803530694316,0.38840448674530126
1.0,104.0,113.0,419.55,6910.501273721373,0.8649388105500793,1.001096614983044
1.0,84.0,105.0,250.02,4247.755941207803,0.840812770389933,1.0311929743718755
4.0,56.0,67.0,480.0,10014.946537483012,0.9958036177244938,4.507296633013772
2.0,92.0,115.0,518.1800000000001,5514.993737997366,0.9890128801947993,1.7475733232712631
1.0,57.0,111.0,307.55,4440.806039823822,0.746994999624778,0.8769208259553736
3.0,55.0,79.0,462.43333333333334,7354.185918003576,0.9909545687281851,3.1606933619337565
2.0,78.0,102.0,460.11,5377.220761521319,0.9881021649117626,1.9191359134679982
3.0,76.0,103.0,316.9166666666667,4129.817400239259,0.9917007943440752,2.588020545114401
1.0,34.0,102.0,320.7,4325.088719241053,0.6530797122479737,0.819270591148034
1.0,6.0,107.0,420.15,3116.6491915774122,0.37313112109887103,0.4508961591476744
9.0,113.0,117.0,537.4822222222223,13301.99906594591,0.9988370821206964,6.051734677705006
1.0,94.0,96.0,485.52000000000004,9185.291943212289,0.8751683031831908,1.1505021173335794
2.0,59.0,117.0,683.05,7047.437802768214,0.9722649724904956,1.6944584506661655
1.0,39.0,46.0,86.25,2684.948372607442,0.8577784903227594,1.8783808608565034
8.0,107.0,114.0,925.8375,21251.27182579856,0.9984259968171351,5.5477017679698255
5.0,93.0,117.0,486.65200000000004,7691.723248654237,0.9949993607729836,3.574685550774677
2.0,85.0,117.0,171.51,1799.1292560936822,0.9865039471652784,1.7192740633326429
3.0,103.0,109.0,534.13,6683.930823416569,0.9958947022607155,2.485988691123052
4.0,105.0,111.0,401.12,5751.235852430701,0.9971198535030235,3.094684550793225
1.0,2.0,6.0,301.5,19820.726105763868,0.8523223925218332,4.0014030085810655
1.0,38.0,73.0,330.35,6734.959130369714,0.7694111998282186,1.2392391296622016
1.0,8.0,55.0,445.68,8806.905802617564,0.6149516918277517,1.2024606924670185
5.0,98.0,114.0,768.964,12425.09687276234,0.9964920280115809,3.655154358114739
4.0,82.0,108.0,185.0,2702.6526508485313,0.9935684932779705,3.15118373282643
2.0,91.0,114.0,777.67,8331.633067119128,0.9889717119907102,1.7597143919062908
3.0,83.0,102.0,717.21,9431.125324404109,0.9936965233002806,2.613020816102132
1.0,55.0,111.0,214.95,3073.412035367109,0.7387398016730219,0.8672297905268695
5.0,109.0,113.0,300.296,4895.224477072414,0.9979247150235986,3.686187348102185
1.0,83.0,109.0,174.1,2844.1421027375404,0.8311803749515028,0.9898709801021913
1.0,91.0,101.0,120.32,2168.042056030133,0.8617834331945353,1.089388740928901
7.0,105.0,111.0,661.3000000000001,13959.846229891184,0.9983412343913914,5.024224450220187
1.0,63.0,63.0,1290.28,33214.66078375126,0.8783657461646022,1.568321625294006
1.0,98.0,112.0,297.26,4886.246728025084,0.8563382336633358,0.9981620947377794
1.0,18.0,25.0,144.35000000000002,6142.05644681989,0.8483139570811646,2.579855959873427
2.0,101.0,101.0,1323.165,15653.32786353748,0.9932647550106333,1.9439955372678137
1.0,60.0,111.0,118.10000000000001,1740.399714895542,0.758710827733584,0.8906744035122327
1.0,39.0,63.0,99.6,2371.7647516137445,0.805600670433787,1.4383996169129916
2.0,22.0,77.0,159.64,2216.4572511624538,0.9485568945176559,2.27664868154877
1.0,77.0,101.0,301.33,5220.179281332274,0.8323694857602844,1.0522062865826076
4.0,102.0,111.0,372.13,5334.039836223344,0.9967872702269109,3.093652337541406
2.0,85.0,116.0,367.69,3878.9843309264456,0.9867610247165233,1.7315758957375456
1.0,50.0,83.0,222.53,4259.286210840404,0.7918501488513809,1.1616367855303802
1.0,14.0,45.0,182.88,4860.813991233978,0.7267405314145687,1.6129224477618214
1.0,42.0,47.0,426.27,13083.759230110734,0.8643592742387225,1.8679038684863998
2.0,110.0,116.0,311.54,3306.2032758897035,0.9924135871409318,1.74149505609967
1.0,66.0,105.0,528.05,8449.402946351214,0.7934387081766311,0.9730922867489252
7.0,94.0,112.0,404.5142857142857,8464.769496414292,0.9965706228605578,4.979739447193454
3.0,74.0,100.0,374.30333333333334,4990.654747951481,0.9918183641009821,2.6485103950052915
1.0,6.0,79.0,12.600000000000001,160.76453170789532,0.476065459878954,0.7242175113012376
1.0,77.0,117.0,962.99,14261.805844854453,0.8005268986150352,0.9011937734348451
1.0,97.0,110.0,221.0,3694.935495026969,0.8577717774718546,1.0141998146944537
2.0,77.0,111.0,439.725,4795.9906765958995,0.9852884570499153,1.7907085805304872
3.0,79.0,117.0,438.29333333333335,5149.890573411639,0.9890621046831596,2.3336791078402936
1.0,27.0,67.0,393.14000000000004,8056.820477706866,0.7283855270822924,1.2463995866126252
11.0,111.0,114.0,785.9801818181818,23505.043450645855,0.9990887791050417,7.438041918754341
1.0,33.0,110.0,601.8,7266.740747838489,0.6211511819573019,0.7344277699309212
3.0,48.0,66.0,137.31666666666666,2489.2117066857736,0.9922677738287297,3.5980070141955434
1.0,98.0,107.0,266.25,4580.656956533258,0.8642954055422826,1.044425020299321
1.0,90.0,107.0,546.78,9231.350300050273,0.8496746103943136,1.0267570746278654
2.0,91.0,109.0,396.81500000000005,4412.125552290809,0.9900200912528746,1.8253715412296525
2.0,71.0,117.0,110.935,1158.3763464194562,0.9805427160150316,1.7088848599933146
1.0,19.0,42.0,315.17,9331.83023713995,0.7784837054950485,1.800718934861877
2.0,53.0,112.0,358.025,3815.624027493209,0.9693858599340179,1.749317833819399
1.0,13.0,109.0,136.3,1201.5324682182118,0.4478609290476743,0.5333674255864935
1.0,49.0,116.0,35.72,476.2168420092442,0.6982374220037089,0.791454997745385
1.0,58.0,61.0,529.62,13841.918034259734,0.8715555523398171,1.590707685441386
2.0,88.0,104.0,177.32,2049.1389297107794,0.9903394415556661,1.8945706084639256
10.0,111.0,115.0,225.904,6189.174999729431,0.998931725364399,6.760800613864074
2.0,83.0,103.0,541.8499999999999,6291.360979997134,0.9893075711449503,1.9069274446657054
1.0,45.0,56.0,1264.32,34019.416020004624,0.8484415651334429,1.63952057408626
1.0,101.0,114.0,427.98,6947.1461336499215,0.8584169144195758,0.9866094203312114
1.0,5.0,115.0,39.400000000000006,254.59213853160273,0.3368945261358824,0.384519653998591
5.0,92.0,111.0,281.36,4642.640150089614,0.9958901130246617,3.731225346265009
2.0,106.0,111.0,379.175,4166.716825562589,0.9925383293079115,1.8038848319797476
2.0,44.0,48.0,182.64,3647.5731965113805,0.992171021953576,3.278106823397975
1.0,42.0,97.0,388.88,5972.640649722154,0.7158119225592353,0.9335524728072618
1.0,56.0,101.0,477.68,7626.7277797856805,0.7680114516385431,0.9708506755787508
1.0,3.0,66.0,535.89,7514.810899304322,0.49354453589773933,0.8534243672087521
1.0,19.0,54.0,179.76,4251.811027714549,0.7251023965852339,1.4349136977803596
5.0,99.0,108.0,232.83800000000002,3932.403648646163,0.9973891608540293,3.8186730830458586
1.0,53.0,66.0,851.16,20456.610344078523,0.8464183601921158,1.4636046008024193
1.0,61.0,68.0,377.87,9080.46093065787,0.8628906549394768,1.4613565225834484
5.0,107.0,110.0,250.57600000000002,4173.549534255732,0.9980048462914027,3.7660495500980082
1.0,7.0,28.0,162.05,5817.14053039844,0.7559182728575085,2.177854100528273
1.0,20.0,73.0,660.6,11402.706103642906,0.6523443523351186,1.0506873926559859
7.0,113.0,116.0,466.3228571428572,9508.512466450256,0.9986136607781476,4.8522783596615255
3.0,106.0,110.0,177.42,2207.3258918475635,0.9961272783075813,2.468684099085748
2.0,76.0,110.0,375.07500000000005,4120.569080027931,0.9851929101888585,1.8034098279041948
2.0,3.0,104.0,149.77,1257.9767767489252,0.719464502225472,1.3763728299140863
2.0,85.0,117.0,426.35,4465.15967701434,0.9865039471652784,1.7192740633326429
1.0,19.0,26.0,412.95000000000005,17193.046915211406,0.8489570880114704,2.5348592075550767
3.0,100.0,117.0,610.4233333333333,7209.967250125346,0.994441233500482,2.3463710919734724
2.0,58.0,82.0,121.415,1676.1503505167432,0.9866398487371174,2.261417238072384
1.0,111.0,115.0,302.86,4968.011977975011,0.8727361610920822,0.9961105944470943
1.0,34.0,39.0,159.5,5478.610103455738,0.8625487510536524,2.0831464581373558
1.0,59.0,59.0,351.69,9481.759891854279,0.8783657461646022,1.6395356493461617
1.0,50.0,116.0,413.0,5416.315453542968,0.7031459679156811,0.7970188547820712
2.0,63.0,77.0,200.5,2903.562282286643,0.9899643140766883,2.376031383514522
1.0,14.0,117.0,414.78,3327.441974070334,0.43307452201289404,0.48753397711745755
3.0,94.0,113.0,264.12333333333333,3208.063880577,0.9940035294872597,2.4113882644609297
1.0,91.0,110.0,143.45,2372.197577757658,0.8464963810723465,1.0008681742286272
1.0,68.0,117.0,310.44,4449.888927800926,0.7732414853972931,0.8704771984640759
1.0,91.0,116.0,98.69999999999999,1550.262629397145,0.8361511443397595,0.9477807708431735
1.0,22.0,39.0,611.84,19642.859192451382,0.8096649252518276,1.955426425759764
4.0,104.0,107.0,293.67,4336.351935573689,0.9974037453565775,3.186606259969624
5.0,89.0,114.0,1002.5319999999999,16167.796436055221,0.9946198021615272,3.6482869931154887
4.0,48.0,111.0,182.715,2522.45238714029,0.9594200123646801,2.9776784401152407
1.0,2.0,49.0,27.25,553.5821166045627,0.5689737324537892,1.1980634685554767
4.0,98.0,103.0,264.2025,4018.6969939161777,0.9971910166972255,3.282466147603875
2.0,79.0,109.0,110.80000000000001,1231.40642827733,0.9865888438870893,1.8190451026575851
2.0,70.0,109.0,194.42000000000002,2148.784742532039,0.9828959634747458,1.8122362723425098
2.0,74.0,105.0,760.6700000000001,8668.431194341014,0.9858955382648061,1.872000925732674
1.0,85.0,115.0,335.0,5191.1573309519745,0.8246870266752109,0.9412689894117691
2.0,71.0,103.0,209.515,2426.12062230087,0.9853103216679814,1.8992225963929017
3.0,66.0,117.0,666.5166666666667,7775.44134939089,0.9822217327124535,2.3175393395868062
1.0,49.0,77.0,679.9200000000001,13926.127834965368,0.8043592806391303,1.2466960667673215
9.0,117.0,117.0,496.3044444444444,12286.517874101299,0.9991152259094874,6.053419889880391
1.0,4.0,109.0,356.55,2390.4119212339974,0.34204009686097275,0.40734307030982836
1.0,65.0,102.0,304.61,5014.408468149573,0.797038651703418,0.999863133247893
1.0,85.0,109.0,90.0,1485.5757779710818,0.83568947082788,0.995240961503382
7.0,104.0,116.0,362.0057142857143,7375.18203215399,0.9976847043529743,4.847764546826816
1.0,42.0,112.0,134.73,1744.5553487406617,0.6720422668438665,0.7833436491041029
1.0,34.0,52.0,496.55999999999995,13561.54759531617,0.8198208632607054,1.6623763721948068
1.0,102.0,115.0,661.04,10649.800419212484,0.8585719424752496,0.9799440496706793
1.0,39.0,73.0,237.09,4869.137848242974,0.7742078337112476,1.2469647468612235
14.0,103.0,110.0,629.9721428571429,23904.5778712135,0.998823916357388,9.59054851948366
1.0,26.0,40.0,324.8,10502.589624140832,0.8263494365045646,1.9668116145351102
1.0,66.0,112.0,283.98,4239.965408030478,0.7777099625872262,0.9065116735867895
2.0,69.0,117.0,439.95000000000005,4574.341745596343,0.9794178312787599,1.7069244165943114
1.0,34.0,59.0,159.3,3905.5968842889692,0.7962280928945529,1.4862195492159957
2.0,11.0,83.0,188.95,2322.479792974137,0.8875667434935484,2.0161804569352246
2.0,86.0,103.0,419.595,4876.856596866999,0.9900726067396822,1.9084020794651257
1.0,109.0,109.0,112.22999999999999,1943.1725081018817,0.8783657461646022,1.046065075940801
5.0,88.0,108.0,274.812,4632.38374542271,0.9955937919643846,3.811799209614997
1.0,20.0,24.0,59.5,2645.1690587905614,0.8620691741587816,2.6711684066140453
1.0,102.0,109.0,320.0,5444.628470435193,0.8677887341466011,1.03346867981749
3.0,60.0,79.0,287.05,4575.1375529126835,0.9927438833907662,3.166400460074178
1.0,10.0,110.0,495.65000000000003,3962.917044132675,0.41115565781604596,0.48613629279880627
1.0,65.0,70.0,496.65999999999997,11754.696188679934,0.8678282370016658,1.4400600270350996
1.0,98.0,98.0,299.0,5594.848583976844,0.8783657461646022,1.1365446269444637
1.0,99.0,104.0,364.31,6449.683298692482,0.8706529108437099,1.075807479502537
1.0,33.0,52.0,285.68,7771.154387050203,0.8154334062307657,1.6534797885294648
2.0,98.0,101.0,545.5899999999999,6454.700988336526,0.9928068620382409,1.943099359395412
1.0,15.0,24.0,355.8,15156.628763061544,0.8367622849877829,2.592753628717343
2.0,97.0,110.0,371.475,4105.623245624695,0.9911205691905299,1.8142604931795168
1.0,35.0,65.0,311.3,6988.692982468874,0.780866038392737,1.3646021710150673
1.0,87.0,112.0,306.54,4910.7226232722705,0.8346524212904997,0.9728847509812579
1.0,43.0,82.0,596.48,11104.353527406493,0.7653218149678568,1.1328220584944282
1.0,7.0,27.0,106.25999999999999,3924.778953889003,0.7618766527610528,2.234221234851977
1.0,36.0,73.0,250.92000000000002,5053.367891112085,0.7593777490086475,1.2230789218774307
2.0,113.0,115.0,457.86,4893.201303159083,0.9929941155486294,1.754608116080683
1.0,20.0,31.0,422.09,15800.385000150487,0.8326232463971357,2.2789066852626036
3.0,84.0,102.0,434.36999999999995,5714.667941894907,0.9939067834464939,2.6135737154290086
1.0,101.0,114.0,480.75,7801.873723447392,0.8584169144195758,0.9866094203312114
1.0,87.0,114.0,106.66,1687.1088912233527,0.8310560283502683,0.9551625703319422
1.0,64.0,102.0,2160.72,35333.998500516056,0.793843177034073,0.9958544978971767
1.0,55.0,107.0,625.0,9298.119630140387,0.7488716786832885,0.9049455929013576
1.0,92.0,113.0,487.75,7830.982513046792,0.8433596404957978,0.9761204735127064
1.0,34.0,82.0,197.7,3465.7263372747716,0.7184114619379067,1.0633858009034693
1.0,88.0,115.0,474.71,7410.588136704925,0.831472577034236,0.9490137797655014
1.0,35.0,67.0,220.19,4805.055636004462,0.7741795612169534,1.324761474778365
2.0,97.0,109.0,765.58,8518.560240156608,0.991299003434659,1.8277295639819047
1.0,62.0,111.0,110.27000000000001,1641.754294093548,0.7661030276452393,0.8993523385123494
2.0,88.0,115.0,215.455,2293.4548545194943,0.9879265471063381,1.7456537863637076
2.0,97.0,100.0,160.075,1912.3437824472626,0.9928031425383231,1.9581476724116424
3.0,83.0,113.0,342.3,4145.727918680893,0.991429494197437,2.4051438213517704
2.0,73.0,79.0,761.44,10827.890589308347,0.99208782057994,2.337046714981634
2.0,74.0,108.0,647.3199999999999,7209.785251947075,0.9849950139485556,1.8293559521626321
6.0,99.0,115.0,919.3416666666667,16778.99566694529,0.9968490336924863,4.254213539477615
2.0,42.0,104.0,306.84,3438.010852831252,0.9612696227369721,1.8389585405039184
2.0,88.0,111.0,156.245,1713.5573743533264,0.9888433549425509,1.7971694155414972
6.0,111.0,117.0,367.26,6621.378468653383,0.9981224412570802,4.201292969949682
1.0,35.0,63.0,250.49,5798.746964992679,0.7875484657069991,1.406167413891779
1.0,56.0,79.0,330.0,6798.50909033117,0.8230773313450561,1.252111456829369
5.0,109.0,115.0,413.492,6644.7405598389305,0.9977484171509747,3.634347596096855
1.0,14.0,117.0,179.0,1440.2009861993338,0.43307452201289404,0.48753397711745755
3.0,95.0,108.0,1325.3966666666668,16684.40323039917,0.9949296047306899,2.501704070777133
6.0,45.0,110.0,1169.8233333333335,20060.479052081937,0.9041889072424459,3.997587733155947
1.0,38.0,66.0,299.76,6752.59632876192,0.7917517140236211,1.3690764589217466
1.0,28.0,56.0,236.96,5850.125461367397,0.7759986361169955,1.4995325331292428
2.0,109.0,116.0,229.89,2440.6043776665547,0.9922578315202121,1.7412217349289831
3.0,74.0,108.0,528.2099999999999,6616.710438965532,0.9897143775602204,2.4885906253832526
5.0,107.0,110.0,442.096,7361.107606544352,0.9980048462914027,3.7660495500980082
1.0,44.0,77.0,4010.08,80014.81446404596,0.784490353560093,1.2159007320996589
2.0,69.0,102.0,288.92,3367.2260688762053,0.9847833666380045,1.9126899960488277
1.0,50.0,108.0,411.97,5890.046521549525,0.7244066865931229,0.8690006082496415
1.0,7.0,117.0,194.75,1284.0387488823321,0.3550379118091387,0.3996842030033643
4.0,115.0,117.0,330.0575,4540.607313155309,0.9975083214720238,2.968672097750802
3.0,70.0,110.0,280.18333333333334,3452.9712762964177,0.9873688702113308,2.4469782957498003
1.0,9.0,116.0,41.89,303.7288189861122,0.3811632931036739,0.4320501648540822
2.0,75.0,108.0,1071.99,11941.170281495131,0.9853950024856539,1.830098820299806
2.0,92.0,116.0,600.99,6350.178493727018,0.9887975362157562,1.735149581903836
2.0,87.0,110.0,303.225,3344.399302832741,0.9887988725529435,1.8100105940071474
2.0,62.0,74.0,342.35,5099.464443777382,0.9904534079910823,2.4464241578286265
1.0,43.0,95.0,327.4,5190.533402476645,0.7268788894907242,0.9632559639906132
3.0,106.0,115.0,255.99333333333334,3071.1685475475433,0.9955671608823292,2.381645141686966
5.0,72.0,77.0,716.742,15633.605435537595,0.9976710656551372,4.9370470569919185
1.0,91.0,105.0,428.57,7392.924562158631,0.8550269222095823,1.0486255515272869
1.0,57.0,60.0,172.35,4571.055398913283,0.8714755975547066,1.6084152869664565
1.0,4.0,21.0,11.9,532.0028986519621,0.7704699576595178,2.530650353333709
1.0,89.0,109.0,111.56,1856.5223734373003,0.8441959248049569,1.0053714845393409
2.0,56.0,81.0,409.78499999999997,5689.988381338324,0.9860971489008139,2.280713262065891
1.0,43.0,82.0,147.64,2761.538619752083,0.7653218149678568,1.1328220584944282
1.0,48.0,65.0,335.4,8035.541291618773,0.8334982562169413,1.4565795847800187
1.0,69.0,81.0,454.73,9534.741847499463,0.8538350849652789,1.2753138730537577
1.0,48.0,109.0,220.60000000000002,3084.3458003676337,0.7121751389374754,0.8481450284790297
1.0,44.0,110.0,833.52,11156.751748911784,0.6888391723426847,0.814459719114686
1.0,72.0,113.0,128.28,1950.4311257191134,0.7944316010742417,0.9194902309507779
4.0,78.0,113.0,139.085,1956.0051388747668,0.9908863241174878,3.0320265606579873
2.0,48.0,58.0,504.845,8896.12076148484,0.9904989480752995,2.8963966889477155
4.0,104.0,114.0,1720.645,24132.957951454617,0.9966921411209108,3.028466350318272
1.0,31.0,105.0,354.45,4455.491316576762,0.6227724295805793,0.7637830639967241
1.0,73.0,110.0,276.65,4329.727465348379,0.8036244699290143,0.9501779026679132
1.0,96.0,114.0,1002.5,16082.882123431475,0.8494436850181767,0.9762961651873522
1.0,90.0,110.0,514.48,8448.256125522186,0.8444904321956039,0.998496409346044
1.0,109.0,109.0,1031.3700000000001,17726.605579382303,0.8783657461646022,1.046065075940801
2.0,42.0,108.0,260.825,2828.477968712264,0.9580160411268238,1.7792499680553395
1.0,1.0,110.0,588.85,3443.288300418476,0.30079028799126856,0.3556440796429044
4.0,83.0,107.0,1233.4525,18141.13288711501,0.9940535291966487,3.1759026508873625
4.0,106.0,116.0,472.42,6537.183365209201,0.996708676062131,2.986747555207311
1.0,75.0,116.0,356.65000000000003,5303.057179298434,0.7969326012121228,0.9033263904497718
2.0,105.0,111.0,397.33000000000004,4365.2818170684295,0.9923805011905186,1.8035979878966344
1.0,26.0,66.0,345.99,7140.063097718676,0.7256210139766142,1.2547249734209889
1.0,22.0,38.0,35.400000000000006,1187.9988811882276,0.813826825126232,1.9948002208955284
2.0,70.0,79.0,308.35,4385.685527504301,0.9913941107462432,2.3354125529101313
2.0,72.0,102.0,493.715,5757.368282078445,0.986014221858792,1.9150806177298396
3.0,113.0,117.0,319.93,3787.0586867854745,0.9961482849784206,2.3503988576225763
1.0,56.0,69.0,469.24,10958.073371744376,0.8475742826911746,1.4207863540831538
1.0,19.0,40.0,299.44,9228.504966332655,0.7874082027585837,1.8741267678679472
1.0,51.0,55.0,309.35,8640.87453107807,0.868460685966414,1.6981656473270785
1.0,43.0,67.0,434.55,9898.400518774512,0.8097813409082385,1.385682569226303
2.0,88.0,116.0,316.36,3341.3000570845184,0.9876901763613504,1.7332063782468539
1.0,41.0,53.0,224.1,6236.463418000301,0.8437371024935281,1.6900254249281603
3.0,77.0,104.0,239.09000000000003,3093.4400218398523,0.991761764742719,2.568723257595227
2.0,78.0,98.0,227.905,2752.735172170752,0.9890932011476248,1.9815377580070708
1.0,102.0,111.0,409.44000000000005,6838.704607645583,0.864730976007565,1.0151347761238712
1.0,7.0,68.0,342.8,5139.940287189266,0.5382679477747353,0.9115887069531291
1.0,58.0,102.0,679.34,10828.722624632166,0.7730781098729657,0.9698052905351059
1.0,8.0,70.0,46.5,699.1476912262938,0.5415178919330864,0.89858596073275
3.0,84.0,101.0,353.59,4689.202717987194,0.994082376727192,2.6341398946957115
1.0,15.0,116.0,199.19,1663.24791429365,0.44661709513877235,0.5062423194273163
1.0,4.0,66.0,1432.02,20636.939689172632,0.5077513122491246,0.8779903551508604
2.0,91.0,116.0,462.07000000000005,4882.153769684169,0.9885336882149163,1.7346865793865607
2.0,63.0,70.0,245.85,3816.5639008357393,0.9917187654143563,2.548496435901044
1.0,63.0,112.0,197.96,2920.433929212729,0.7673574567513942,0.8944446205174978
1.0,56.0,103.0,66.06,1044.4904485519887,0.762983547985237,0.9499003788090221
3.0,68.0,80.0,228.24,3612.1949727054553,0.9945893748432202,3.1431833638702176
3.0,77.0,105.0,224.83333333333334,2886.8653569244707,0.9915234695670461,2.5489447301457937
1.0,104.0,116.0,140.35,2262.090009247465,0.8603959777575791,0.9752623895209185
1.0,56.0,117.0,296.4,4000.2875947643047,0.7279394406792434,0.8194783866884756
1.0,85.0,101.0,93.22999999999999,1660.9916785606856,0.8501852485124612,1.0747273639272228
2.0,74.0,109.0,399.57000000000005,4418.79006843079,0.9846870479946066,1.815538624223423
1.0,80.0,108.0,221.4,3616.3307332754066,0.8259980242519376,0.9908699060519551
1.0,43.0,105.0,536.85,7553.889207139474,0.6977383170668995,0.8557230287734192
1.0,45.0,107.0,80.19,1130.5728894946026,0.7026035734182686,0.8490346549619039
2.0,60.0,63.0,230.67000000000002,3856.6703521762975,0.9926048249585934,2.7448191654519674
2.0,65.0,105.0,180.37,2050.922939286408,0.981791507271712,1.8642082646239428
2.0,60.0,66.0,208.95999999999998,3381.9206817778636,0.991905129971629,2.656279256081917
2.0,63.0,77.0,460.215,6655.953776187045,0.9899643140766883,2.376031383514522
1.0,29.0,32.0,869.29,33334.31052604168,0.8681019203764836,2.3370665772639665
3.0,56.0,111.0,315.10333333333335,3814.3848788469936,0.9769211241904248,2.4037961467404587
2.0,74.0,80.0,132.42499999999998,1871.3154011322513,0.9920998644182382,2.3156409996684104
6.0,112.0,117.0,492.0916666666667,8871.827820357525,0.9982115561375955,4.2016680719467425
1.0,63.0,112.0,481.15999999999997,7078.8551290095675,0.7673574567513942,0.8944446205174978
1.0,35.0,67.0,150.57,3292.173398156202,0.7741795612169534,1.324761474778365
2.0,77.0,110.0,174.52499999999998,1920.811390204537,0.9855802935246304,1.8041189386861265
7.0,92.0,116.0,236.17142857142855,4800.256714376427,0.9951493247779093,4.835445100449496
1.0,29.0,49.0,339.18,9479.6616438172,0.8072712351944357,1.6998362506667397
1.0,47.0,107.0,103.45,1475.7390709794975,0.7127407354406405,0.8612845241421645
1.0,30.0,39.0,198.03,6676.716696528785,0.8476095223648668,2.0470666408605562
9.0,106.0,111.0,152.98333333333335,3949.606180138656,0.998734512424649,6.310494438945596
2.0,84.0,109.0,386.0,4284.065445840919,0.9881861937924851,1.821990252038347
30.0,111.0,115.0,199.19166666666666,14722.582024232739,0.9994143639317565,19.258286045748406
3.0,94.0,103.0,1346.8566666666668,17604.632627642168,0.9954627448676506,2.5978380276658357
1.0,4.0,112.0,369.6,2362.5932645221565,0.33321803530694316,0.38840448674530126
1.0,43.0,102.0,449.97,6558.725800403297,0.7064262398589636,0.8861923472398169
1.0,28.0,108.0,332.58,3878.623303832559,0.5905782395508397,0.708459569585583
1.0,42.0,62.0,314.6,7666.81682285145,0.8207005214402517,1.4814465923314328
1.0,62.0,65.0,520.92,13041.761883493577,0.8718576419309347,1.5236145158059122
1.0,101.0,107.0,310.8,5375.0284675474795,0.8692415272993701,1.050401973645854
2.0,98.0,108.0,239.95,2693.9077003824077,0.9916626279772826,1.8417392020648613
1.0,44.0,67.0,396.83,9084.28371085836,0.8136555169014156,1.3923119861721658
2.0,55.0,116.0,396.17999999999995,4104.1988323925425,0.9690608718402427,1.7005155302551922
1.0,104.0,115.0,107.55,1752.0186450582496,0.8619137091111573,0.9837582254761509
6.0,103.0,116.0,429.83833333333337,7796.219549490284,0.9973224667385195,4.226878717988442
2.0,104.0,116.0,573.005,6070.713552514351,0.9914107560295148,1.739735280291212
1.0,9.0,32.0,89.55000000000001,2999.444424985917,0.7512735229352666,2.022546200651083
1.0,48.0,51.0,82.2,2436.6460650573113,0.8706615660899717,1.7875175974822766
3.0,102.0,105.0,834.3433333333334,10752.943613435236,0.9962231459913531,2.5610263558690436
3.0,98.0,108.0,236.13,2976.9885115593897,0.9953721987990967,2.5028169529120805
3.0,107.0,113.0,351.18333333333334,4272.461906910142,0.995914777169336,2.416024827706751
1.0,6.0,115.0,34.3,230.35554768705543,0.348950467055513,0.39827988419352756
2.0,98.0,115.0,209.125,2231.8129253856664,0.9904089889964824,1.750040229968904
4.0,78.0,109.0,276.91,4008.3164315579593,0.9920541888974984,3.123582411860806
6.0,114.0,114.0,258.4583333333333,4760.419674297235,0.9985905130653459,4.29144942200616
5.0,111.0,116.0,466.13800000000003,7439.5339243854005,0.9978443507016177,3.6096300755454274
1.0,7.0,31.0,314.57,10446.420603199718,0.7380912117272781,2.020170592182323
1.0,42.0,105.0,61.349999999999994,867.9756244382105,0.6922895308149833,0.8490405064572747
3.0,88.0,115.0,322.0833333333333,3850.597311716274,0.9923461169153116,2.373939600547573
3.0,97.0,102.0,390.57,5149.558670816509,0.9959806185921266,2.6190270648950054
1.0,115.0,115.0,307.25,5072.31292766137,0.8783657461646022,1.0025360063677615
1.0,9.0,107.0,259.15,2111.3292881643465,0.40924879827065036,0.49454119702639815
2.0,95.0,104.0,178.015,2060.174572081985,0.9917957688550956,1.897356637962527
1.0,45.0,55.0,204.2,5599.152288146042,0.851215662723844,1.6644451732387189
3.0,93.0,111.0,874.48,10765.551544731023,0.9941396726167979,2.4461638254965914
1.0,57.0,116.0,842.82,11535.032413375544,0.734637822418641,0.8327150017504097
3.0,92.0,116.0,343.3966666666667,4079.956364183246,0.9930867552852221,2.3593310942392653
2.0,77.0,77.0,763.75,11078.272668889,0.9932647550106333,2.3839528319212793
2.0,58.0,110.0,195.68,2129.924979612175,0.9750065578511672,1.7847635630698635
4.0,87.0,113.0,122.9925,1735.1868403933115,0.9938182575176452,3.040998023606853
1.0,60.0,102.0,749.08,12050.65976285278,0.7803172630765969,0.9788866097268101
1.0,35.0,62.0,399.55,9377.457609442301,0.7908870263186396,1.4276302493420403
1.0,14.0,117.0,174.65,1405.3825185717199,0.43307452201289404,0.48753397711745755
1.0,18.0,35.0,153.83,5230.8495158488195,0.8035921217832176,2.0620095927800786
3.0,82.0,108.0,590.6066666666667,7416.924575807891,0.9922629806744316,2.4949989690040493
3.0,89.0,112.0,212.16333333333333,2593.7333882870935,0.9931616625711271,2.426429601010021
2.0,84.0,115.0,273.795,2909.485661170944,0.9866906295201717,1.7434699355296106
1.0,90.0,115.0,113.80000000000001,1796.7906775875044,0.8357861200081989,0.9539371071667522
1.0,90.0,115.0,165.20000000000002,2601.7704728167214,0.8357861200081989,0.9539371071667522
1.0,91.0,108.0,119.75999999999999,2019.9443957144547,0.8499192315176092,1.0195658637904155
2.0,73.0,100.0,122.155,1452.057662446926,0.986968145546667,1.9466390607965263
3.0,77.0,115.0,1018.0133333333333,12119.866833463182,0.9888562571321494,2.365590984879725
1.0,110.0,115.0,149.3,2452.6430060604544,0.8712684962817877,0.9944354530563652
1.0,10.0,114.0,1550.07,11665.675791277434,0.39861702520193026,0.45814487757915007
1.0,1.0,103.0,187.44,1236.0196373782983,0.32109445128789876,0.399756641827029
1.0,77.0,115.0,533.36,8054.693824967786,0.8045361787468188,0.9182695148816358
1.0,35.0,42.0,658.0,21401.357284436013,0.8564637206219848,1.9810953368195707
2.0,19.0,116.0,179.92499999999998,1665.1047719030303,0.8644780966496569,1.5169928656045677
2.0,36.0,75.0,434.975,6314.267266758587,0.974877864448006,2.3848054557524403
4.0,56.0,61.0,123.4975,2755.138678006888,0.9969270814056344,4.813322584508885
8.0,110.0,117.0,234.09375,5265.1077079501065,0.9984406573125297,5.433771243345679
2.0,28.0,56.0,142.36,2544.47794576281,0.9793229247549983,2.93109656210459
5.0,100.0,104.0,182.76399999999998,3181.6749664913177,0.9979007700697085,3.935544152135633
1.0,14.0,24.0,222.93,9444.570494400277,0.8308929843688351,2.574567280275465
3.0,82.0,110.0,347.85666666666674,4305.3931855130895,0.991823974171838,2.458019298788854
7.0,98.0,108.0,163.36857142857144,3524.525024697035,0.9978688040451904,5.131830229787666
4.0,57.0,102.0,548.7625,8281.878223656373,0.9823735661468459,3.258375442673666
2.0,21.0,73.0,227.475,3287.7024638854973,0.9510736563553401,2.3721808292355697
1.0,77.0,117.0,186.1,2767.22278897738,0.8005268986150352,0.9011937734348451
1.0,109.0,113.0,560.94,9316.586705467249,0.8726539697582594,1.010026286854806
3.0,77.0,112.0,187.30999999999997,2282.385963163172,0.9897124517158443,2.4180027077510555
4.0,95.0,114.0,357.46500000000003,5009.525926778557,0.9953624312495515,3.024426003821139
1.0,105.0,110.0,1017.43,17216.298924749375,0.8710013214640457,1.0298419719882248
3.0,92.0,110.0,867.9,10761.006309708848,0.9941158188220585,2.4636991356618956
1.0,73.0,105.0,1022.6,16772.816645818657,0.81401403667745,0.9983263637546755
2.0,90.0,115.0,760.26,8084.842292923713,0.9884869384308889,1.7466439907877236
4.0,104.0,115.0,369.84749999999997,5153.317241595926,0.9965790519078626,3.007095872936578
2.0,87.0,110.0,409.55499999999995,4515.363738866488,0.9887988725529435,1.8100105940071474
2.0,52.0,61.0,521.58,8888.931994928671,0.9909366039367842,2.8010930896801116
5.0,96.0,102.0,260.56000000000006,4602.746426010902,0.9976908141670052,3.994792335087977
1.0,43.0,113.0,206.4,2658.5471129377247,0.6748445954626345,0.7810779582518564
1.0,47.0,72.0,305.8,6635.551273330012,0.8107261106578252,1.318695892319755
2.0,45.0,58.0,1882.205,33107.327475409766,0.9893752696522081,2.89311085157211
3.0,109.0,112.0,267.9566666666667,3284.970702057828,0.9962395566083617,2.43394931656306
1.0,15.0,80.0,80.2,1157.1321905003315,0.576707770107834,0.8692811274345346
3.0,96.0,101.0,654.62,8694.404843062552,0.9959759131869026,2.6391574264892093
1.0,45.0,54.0,313.4,8711.131131477385,0.8539803028331778,1.689951708807937
9.0,97.0,115.0,355.84,8910.541984739537,0.996710754891251,6.122739022318901
2.0,104.0,110.0,390.9,4325.505837346083,0.9923735732552635,1.8165541351874672
2.0,96.0,114.0,178.48,1918.308892308478,0.9901659652387587,1.7618393714205596
3.0,90.0,102.0,259.55,3420.091731141716,0.9949991604100379,2.616446225977089
1.0,22.0,53.0,759.76,18763.89686584324,0.7509724881070282,1.5042157024642322
1.0,31.0,40.0,177.3,5898.215508068044,0.8481356664142191,2.0186654769936996
2.0,66.0,117.0,391.28499999999997,4061.172260309532,0.9775611405480951,1.7036885854290789
2.0,100.0,104.0,227.905,2638.346185351815,0.9926597621988223,1.8990095019465787
1.0,46.0,48.0,155.33,4771.522771836137,0.8731039113732121,1.8623151555031625
3.0,87.0,111.0,451.55,5553.833455947077,0.9928964109121466,2.4431046760719055
3.0,31.0,72.0,58.083333333333336,976.132913159449,0.9749050640971286,3.32502145456773
1.0,82.0,108.0,426.0,6984.163280122192,0.8307422652659255,0.9965611129432496
3.0,55.0,110.0,269.0133333333333,3279.010071012571,0.9765124526810139,2.4200730338281873
1.0,2.0,42.0,1983.8400000000001,45969.067215638475,0.6107483181793173,1.412728427348616
3.0,114.0,117.0,211.44000000000003,2504.345543431436,0.9962502644837298,2.350639476932366
1.0,80.0,114.0,1632.93,25107.1944829364,0.8144062165847384,0.9360263430993739
1.0,31.0,103.0,175.37,2266.9573299357708,0.6292312138652162,0.7833812013212565
4.0,47.0,117.0,1557.1200000000001,20339.897991312188,0.9476757345866266,2.8203659562771035
2.0,57.0,113.0,121.66499999999999,1295.0868737533783,0.9726267114248738,1.7428122486864535
2.0,83.0,111.0,601.14,6568.6317413719335,0.9873898686207528,1.7945277826171446
1.0,35.0,42.0,743.53,24179.28376073695,0.8564637206219848,1.9810953368195707
1.0,85.0,101.0,197.28000000000003,3496.450980298826,0.8501852485124612,1.0747273639272228
2.0,19.0,21.0,112.815,3474.5978901252147,0.9924408856202223,5.051358244566714
1.0,98.0,105.0,107.34,1890.7131342706414,0.8674516396281398,1.063863523358555
3.0,79.0,110.0,234.41333333333333,2899.933125920902,0.9909249509939706,2.4557912660140846
7.0,99.0,108.0,148.95428571428573,3214.2117483048573,0.9979957786963263,5.132483233820334
4.0,109.0,116.0,326.7375,4523.773700380079,0.9970398857594002,2.9877400616210084
1.0,57.0,117.0,321.08000000000004,4357.52980691188,0.7321730398791784,0.8242443642525036
2.0,47.0,100.0,566.755,6604.564474624577,0.9704490330013343,1.9140577157191456
1.0,67.0,102.0,527.2,8734.699971080126,0.8032203187575803,1.0076178650620409
1.0,71.0,74.0,1223.42,27951.373689311862,0.8724482617602698,1.391567108703937
3.0,82.0,114.0,354.8866666666666,4265.731077144799,0.9908919040255998,2.3870334820678343
1.0,37.0,98.0,261.88,3821.0057715657194,0.684609375810269,0.8858372620181315
4.0,114.0,116.0,689.1324999999999,9542.13923771678,0.9975071665512729,2.9891403200879414
4.0,100.0,103.0,188.67000000000002,2871.394486027623,0.9973951409896642,3.2831380660915213
2.0,22.0,42.0,837.375,17929.668430088914,0.98292021423249,3.522063498525381
3.0,41.0,59.0,419.5833333333333,8192.70242741984,0.9916919445430827,3.8820242548951702
2.0,109.0,112.0,627.4100000000001,6844.5706755559295,0.9928441434997994,1.7916497838596104
2.0,73.0,76.0,54.724999999999994,807.182294858474,0.9926913670855008,2.405261071251001
3.0,61.0,115.0,180.12,2126.6996879615604,0.9793065740184502,2.342745759277632
1.0,57.0,112.0,724.6,10336.387932425216,0.7445195951066446,0.8678244289593837
1.0,107.0,112.0,228.25,3820.2063510139114,0.8711105688481384,1.0153809744427678
1.0,77.0,108.0,105.1,1709.0083933893407,0.8185121741344151,0.9818898559974939
1.0,3.0,105.0,14.2,103.98196137930456,0.34139391347006187,0.41869369431720865
7.0,53.0,116.0,61.01857142857143,1131.208069378166,0.906215625805632,4.403314958516956
1.0,41.0,79.0,275.04,5269.759457211058,0.7650540356071959,1.1638431610209452
1.0,33.0,52.0,61.199999999999996,1684.5874923425279,0.8154334062307657,1.6534797885294648
6.0,113.0,117.0,751.2233333333334,13543.336970672784,0.9982958617686192,4.202022930870164
2.0,113.0,116.0,133.05,1415.439754870304,0.9928562388623394,1.7422718247719193
2.0,69.0,73.0,148.76,2246.0147489973383,0.9924608572999473,2.4754093478686587
5.0,75.0,79.0,216.07800000000003,4629.402361637087,0.9978104689305541,4.846271887768486
3.0,56.0,62.0,98.75,1876.3722716008913,0.9955031467409111,3.768440292949805
4.0,107.0,116.0,510.4,7063.294827963652,0.9968238186351439,2.987092592635705
2.0,101.0,108.0,404.89,4544.529604496108,0.992192786574987,1.8427238251061628
1.0,60.0,105.0,310.29,4843.776137316598,0.7731137315440939,0.9481652472868285
5.0,103.0,110.0,366.07800000000003,6093.58713097769,0.9976255303561413,3.7646181716706946
1.0,84.0,103.0,124.10000000000001,2157.641084567344,0.844470653994132,1.0513503157969135
3.0,66.0,104.0,487.8833333333334,6281.179498753771,0.987504437047563,2.5576965200716355
2.0,49.0,112.0,627.38,6651.447432867714,0.9648766140511226,1.741180615642354
1.0,77.0,117.0,177.88000000000002,2645.602646203874,0.8005268986150352,0.9011937734348451
1.0,79.0,110.0,801.8199999999999,12771.20586722182,0.8196566834482037,0.969133839908268
2.0,76.0,116.0,337.855,3552.2715013822913,0.9833387724383694,1.7255705009098703
1.0,34.0,114.0,9.9,125.83643382797722,0.6158147457216661,0.7077780261572277
1.0,46.0,63.0,304.05,7433.435915854302,0.8322639541829936,1.4860068974653398
2.0,68.0,117.0,468.55,4868.433359770223,0.978822598635447,1.7058870481699504
1.0,106.0,111.0,190.78,3218.161300143752,0.8710563532370277,1.0225603345644578
5.0,105.0,117.0,250.71999999999997,3972.5346642403497,0.9971037071462656,3.5822457330933393
1.0,16.0,19.0,209.93,10226.151280039716,0.8650833164068664,2.959885149204441
4.0,47.0,52.0,135.04500000000002,3346.102988471852,0.9968278016648342,5.347894272830919
6.0,98.0,108.0,333.9433333333333,6412.568095018861,0.9976342129378181,4.4751234677582765
1.0,15.0,117.0,278.07,2286.959891657636,0.4435035960888395,0.49927451530073785
3.0,91.0,112.0,177.32666666666668,2169.397412565429,0.9935863044191563,2.427467059048039
1.0,10.0,34.0,39.95,1308.4932999541095,0.7491327517383817,1.952771037446146
3.0,112.0,114.0,343.7266666666667,4154.441922161962,0.9963447902898394,2.4001693468718237
13.0,112.0,115.0,586.4061538461539,20129.620051221027,0.9992085538273416,8.636436304064313
3.0,84.0,107.0,2475.0,31319.25860067277,0.99297112036871,2.515134437520624
2.0,98.0,103.0,460.28,5362.27126179036,0.9924908685254891,1.913063369747585
1.0,112.0,117.0,313.38,5061.952590751666,0.8713700170922694,0.9809454686906118
1.0,1.0,116.0,102.0,545.4132174528515,0.2847431438421285,0.3227575279779097
2.0,46.0,69.0,311.64,4855.604910619504,0.9857124176317991,2.5589034267328774
1.0,36.0,60.0,758.38,18436.234103259358,0.8021204347416043,1.4804118128454975
2.0,67.0,108.0,469.26,5210.702784743254,0.9817372350614508,1.8233055284411308
6.0,108.0,117.0,885.5500000000001,15956.967679044548,0.9978230176095999,4.2000326371355925
1.0,46.0,52.0,535.53,15383.966480516689,0.8624323249971365,1.7487809641608936
2.0,79.0,103.0,220.755,2563.3775525152623,0.9881588035971841,1.9047131521359904
1.0,2.0,110.0,70.80000000000001,436.73025156469237,0.3136857800152242,0.37089126539158535
2.0,56.0,79.0,178.625,2531.571000778223,0.9867933042505966,2.3245745005886826
1.0,84.0,103.0,769.56,13296.368127519097,0.844470653994132,1.0513503157969135
1.0,10.0,108.0,313.83000000000004,2588.4437643152037,0.4176071485785597,0.5009628884444534
6.0,96.0,115.0,754.9066666666668,13770.732507247953,0.9962956076728261,4.251851704950659
3.0,98.0,108.0,237.02666666666664,2988.278342916842,0.9953721987990967,2.5028169529120805
2.0,106.0,112.0,99.975,1094.40784531192,0.9923873223543587,1.7908254213331758
1.0,36.0,101.0,20.450000000000003,296.8126232014936,0.669102884626276,0.8458194030638468
6.0,102.0,104.0,244.01,4830.972347572689,0.9984367101473272,4.613437625626063
3.0,64.0,80.0,495.8866666666666,7834.86353622299,0.9936451742558922,3.1401994233080996
1.0,53.0,108.0,166.31,2430.0076527920855,0.7378645564499252,0.8851447125321498
2.0,54.0,66.0,65.465,1062.7891271596638,0.9901479345685442,2.651573562405113
1.0,7.0,108.0,85.33,649.2023639151009,0.3821912035629354,0.45847780605923294
5.0,89.0,107.0,251.596,4274.0947299305535,0.995981713579974,3.84132451355894
1.0,42.0,66.0,183.64,4234.036899512716,0.8087812304145862,1.3985234554798072
6.0,107.0,109.0,238.83,4557.5100402533735,0.9984426200246791,4.446291758972993
1.0,41.0,108.0,81.75,1103.7188964718819,0.6779039077620881,0.8132157240991098
2.0,88.0,108.0,239.82,2686.582621916208,0.9895012259056017,1.837724995202031
1.0,15.0,116.0,181.65,1517.4682764250836,0.44661709513877235,0.5062423194273163
1.0,100.0,104.0,42.900000000000006,775.3993872957799,0.872252326404928,1.077783770171483
1.0,28.0,56.0,145.59,3603.1761322812144,0.7759986361169955,1.4995325331292428
1.0,45.0,117.0,226.49,2835.9899130039075,0.6747128090528351,0.7595584650898182
1.0,37.0,61.0,751.8,18100.926244900256,0.8033163491951832,1.4661618379631036
2.0,87.0,115.0,129.005,1374.7919058775512,0.9876325458602528,1.7451342898587017
1.0,16.0,33.0,335.9,11700.902923753378,0.8001417314994659,2.119369694741226
2.0,115.0,115.0,184.675,1977.1421399651372,0.9932647550106333,1.7550863326069723
2.0,84.0,117.0,106.19,1115.3973817605913,0.9861669868683787,1.718686810640449
1.0,7.0,110.0,263.4,1928.7542256645313,0.37593367145041917,0.44449102889134307
2.0,7.0,112.0,447.645,3702.733127150292,0.752568234973245,1.358056774929947
5.0,112.0,117.0,404.706,6415.340378374522,0.9978474283653885,3.584917663951403
1.0,17.0,28.0,266.73,10483.807842434344,0.8295351692854694,2.38994959485696
4.0,112.0,117.0,502.675,6911.791035372851,0.997241755329936,2.967878773573763
1.0,111.0,115.0,609.4,9981.001886836013,0.8727361610920822,0.9961105944470943
1.0,51.0,62.0,308.0,7781.192790851696,0.8507390768691312,1.5356691917037084
3.0,100.0,117.0,159.57666666666668,1887.5291816477625,0.994441233500482,2.3463710919734724
3.0,90.0,110.0,484.4433333333333,6005.926344846136,0.9937293742946093,2.4627414172248363
2.0,72.0,82.0,170.75,2365.5436302928947,0.9912132345709405,2.2718996178122675
4.0,79.0,104.0,644.6475,9692.231417333323,0.993636780529411,3.24617511395825
4.0,60.0,79.0,129.825,2407.21805016957,0.9940690917608271,3.999393605557614
1.0,46.0,80.0,826.15,16041.201879342854,0.7842272752551153,1.1820786979707443
1.0,29.0,34.0,301.86,11141.14920885275,0.8611589277338163,2.2447906713656187
1.0,56.0,67.0,236.02,5669.299887312753,0.8524010509539741,1.4586126138351565
1.0,13.0,68.0,325.44,5509.871075605519,0.6076998286691858,1.0291757168941036
1.0,63.0,103.0,205.14,3319.4262943225403,0.7882561267290062,0.9813642710326217
2.0,53.0,79.0,281.32500000000005,3977.66924686846,0.9853949880852629,2.3212805077254415
3.0,112.0,112.0,341.8066666666667,4190.525458376387,0.9965364850195145,2.4346747532299737
5.0,94.0,104.0,231.51800000000003,4026.8409898216187,0.9972289413142308,3.932894578341165
2.0,99.0,116.0,560.6700000000001,5934.282964297092,0.9904338725269997,1.738021037548006
1.0,14.0,115.0,120.15,996.6793171284733,0.4392963798333484,0.5013975558279674
1.0,70.0,108.0,443.52,6994.125218253777,0.799133016514348,0.9586425557297332
1.0,89.0,101.0,344.78000000000003,6154.923493861332,0.8580687027506729,1.0846929143844888
3.0,93.0,116.0,257.89000000000004,3065.611792807745,0.9933003718031035,2.359838594807769
4.0,111.0,113.0,56.2125,797.7742598540184,0.9975035999267394,3.052274853044826
1.0,89.0,115.0,339.46,5317.2445654984895,0.8336496999442039,0.9514986718700278
1.0,31.0,48.0,37.75,1109.6971845624573,0.8203096616509464,1.749705957330453
1.0,6.0,116.0,42.300000000000004,278.4070882473188,0.3460722287300797,0.39227429865231533
3.0,108.0,115.0,165.14333333333335,1983.0354929398754,0.995809451966704,2.382224762436473
1.0,36.0,38.0,409.2,14374.843539638543,0.8722862280017681,2.1380921672521165
1.0,96.0,109.0,484.65,8141.260405787945,0.8576039321463689,1.0213393752261672
3.0,81.0,116.0,687.3433333333332,8137.89874579589,0.9900617462952259,2.3521444131839924
2.0,89.0,116.0,407.55,4304.272864911287,0.9879803568429717,1.7337155892055391
1.0,13.0,32.0,273.6,9498.917204082374,0.7841388731264957,2.1110248800309037
6.0,113.0,116.0,622.475,11300.82308947883,0.998374038277571,4.231335516573753
2.0,43.0,49.0,284.385,5598.326618954905,0.9915592351906349,3.234076858749742
1.0,50.0,116.0,284.20000000000005,3730.9530979778165,0.7031459679156811,0.7970188547820712
1.0,42.0,110.0,646.25,8514.142254574725,0.6777917128074125,0.8013975833487593
1.0,49.0,63.0,315.99,7815.608825738514,0.8420851173426311,1.503542579652466
1.0,8.0,35.0,76.5,2360.1988114884653,0.7247070843267499,1.8595913515445914
1.0,48.0,68.0,137.70000000000002,3178.5619579430377,0.8253383360622516,1.3977594424490996
3.0,95.0,100.0,312.5566666666667,4185.507907731553,0.9959711275727288,2.659599761386291
1.0,50.0,54.0,427.25,12065.742333259192,0.868333729123637,1.7183558736421096
1.0,112.0,117.0,34.8,575.4253563383255,0.8713700170922694,0.9809454686906118
2.0,35.0,114.0,177.805,1809.7509405624708,0.9376690268478648,1.6684296035804644
1.0,52.0,59.0,268.83,7111.447765207955,0.8611404449630043,1.6073833306633558
3.0,99.0,104.0,931.9833333333332,12098.11820480037,0.9959897966972621,2.5796741173698097
1.0,93.0,117.0,402.79,6257.1177593003795,0.8385649207311365,0.9440151061647177
1.0,10.0,21.0,975.0,43092.5191393473,0.8204261652850645,2.694734226068783
4.0,105.0,114.0,455.255,6388.342072776675,0.9968095665504116,3.0288231495215996
4.0,94.0,114.0,172.835,2423.346992919785,0.9951778974843988,3.023865294776485
6.0,64.0,111.0,131.26666666666668,2418.1760775608095,0.9772913029975924,4.289921483419464
1.0,97.0,107.0,347.15,5955.837645481627,0.8625852441879067,1.0423584406370834
1.0,43.0,102.0,665.24,9690.01441277595,0.7064262398589636,0.8861923472398169
1.0,80.0,117.0,159.9,2403.518304908702,0.8085811011674382,0.9102607981691371
1.0,3.0,112.0,1.7,16.13801455758297,0.32071299681585647,0.37382840579462046
1.0,90.0,110.0,229.53,3777.542961467221,0.8444904321956039,0.998496409346044
1.0,65.0,105.0,276.44,4412.547870836494,0.7902360301560689,0.9691644455097307
6.0,65.0,75.0,591.48,14944.701397249371,0.9971866630134936,5.892849206752376
1.0,12.0,70.0,10.5,182.94774674717485,0.5880148177469967,0.9757422013224419
2.0,65.0,112.0,76.095,822.9722682210595,0.9790215106151299,1.766705972303357
1.0,63.0,72.0,138.49,3195.0889647320564,0.8588392754512204,1.3969549146276377
3.0,104.0,116.0,781.32,9297.87856918708,0.9951812667739584,2.364307140950509
1.0,77.0,112.0,298.5,4644.1428117202995,0.8105377955418125,0.9447763419380731
2.0,105.0,115.0,375.68,4010.8015487922053,0.9917519371853291,1.7524132025321144
2.0,68.0,70.0,139.59,2172.6116446546193,0.99286586538781,2.5514442274483256
1.0,37.0,63.0,325.2,7610.804810367456,0.7968611320120289,1.4227951751849524
9.0,106.0,116.0,586.3644444444445,14602.305033840667,0.9982128930631218,6.089669881258898
5.0,113.0,116.0,401.73400000000004,6413.159349056918,0.9980154536439717,3.610249028116839
1.0,57.0,105.0,259.15,3989.011850699934,0.7618777513059555,0.9343851712820642
4.0,42.0,45.0,420.53,11394.493812543747,0.9971522032161483,5.8560567361059945
1.0,100.0,103.0,328.3,5878.767294217126,0.8737872000335807,1.0878488723670787
3.0,86.0,111.0,549.8133333333334,6759.9698306879745,0.992658024455715,2.442518106254531
2.0,113.0,115.0,354.295,3787.5129971126917,0.9929941155486294,1.754608116080683
3.0,104.0,110.0,345.78999999999996,4297.424834867809,0.9958998413079679,2.4681204461101536
1.0,79.0,117.0,312.96,4675.6539990125875,0.805949117038231,0.9072978400060516
3.0,92.0,102.0,302.96,3992.661196729547,0.9953077203884013,2.617257614190265
1.0,37.0,100.0,296.68,4221.390922398043,0.6783869594134999,0.8641944544009864
1.0,15.0,113.0,199.13,1733.848865816312,0.45611311769356083,0.5279139895248682
1.0,40.0,108.0,113.28,1511.5746787158432,0.6721018326095689,0.8062555359479462
1.0,94.0,117.0,187.44,2926.5028113788285,0.840582374675703,0.9462862564985546
1.0,16.0,25.0,959.7,40105.649209785646,0.8377166132279097,2.5476277730442063
3.0,109.0,114.0,360.26,4352.722435317588,0.9960314932644639,2.399414622278389
2.0,105.0,108.0,595.35,6684.120898478839,0.9928313102502178,1.8439097063231626
1.0,98.0,112.0,408.93,6716.113034050007,0.8563382336633358,0.9981620947377794
1.0,111.0,114.0,141.3,2345.9458744130425,0.8741491101294808,1.0046909984422174
2.0,98.0,116.0,438.29,4639.054398473228,0.9902207377310134,1.7376470269557467
3.0,98.0,117.0,345.93,4086.105868867538,0.9940995948947648,2.345565000148886
1.0,78.0,111.0,246.55,3887.6964929622454,0.8151457580044266,0.9569251357001322
3.0,83.0,109.0,1476.307,18400.776240677555,0.9923129261759951,2.477047730978835
1.0,56.0,109.0,652.65,9556.510058920085,0.7479221448597144,0.8907169236468268
4.0,114.0,114.0,272.02,3821.710095240227,0.997668863775317,3.0314341390369997
2.0,112.0,116.0,277.725,2948.7661851160206,0.9927126527004672,1.7420198586619577
5.0,65.0,103.0,542.158,9402.775986070284,0.9873562466942423,3.92346007077396
1.0,84.0,111.0,347.5,5571.675082458636,0.8297611266842573,0.9740825747469762
2.0,95.0,112.0,635.28,6912.825001628439,0.9903316646920644,1.7871158576212356
2.0,87.0,105.0,256.095,2933.762862224578,0.9898932217740823,1.879591656129246
2.0,105.0,115.0,315.725,3371.5062705308665,0.9917519371853291,1.7524132025321144
1.0,67.0,67.0,283.75,7018.773056258031,0.8783657461646022,1.5030429109426295
3.0,106.0,110.0,431.3333333333333,5360.816327058462,0.9961272783075813,2.468684099085748
2.0,13.0,115.0,222.575,1957.7825404071557,0.8164113141571749,1.442588526407157
5.0,92.0,102.0,185.636,3278.586076622149,0.9972087664041336,3.9928621973329514
8.0,107.0,114.0,396.5875,9104.62177677763,0.9984259968171351,5.5477017679698255
2.0,84.0,108.0,108.675,1218.9455683065323,0.9884246140474816,1.835725486287843
1.0,7.0,20.0,362.88,16055.039576715311,0.80357369590995,2.693279801174318
1.0,56.0,109.0,219.41000000000003,3221.7618895217042,0.7479221448597144,0.8907169236468268
2.0,111.0,111.0,226.075,2488.1955908310533,0.9932647550106333,1.8052050714788244
2.0,85.0,109.0,644.72,7154.1324891521945,0.9884745427908163,1.8225219019110581
1.0,21.0,100.0,1104.25,12908.760516523185,0.5586252732053111,0.7116305177942057
2.0,102.0,109.0,216.235,2411.9356791105415,0.992201372402342,1.8293933268164677
1.0,77.0,77.0,445.71999999999997,9976.345177943345,0.8783657461646022,1.3614004926460732
2.0,96.0,115.0,203.09,2166.592176824339,0.9899716316712333,1.7492674250746014
1.0,81.0,116.0,347.3,5269.068682975444,0.8130854552057464,0.9216357170745442
1.0,87.0,108.0,371.01,6165.641560600549,0.8418099153704005,1.009837901866769
1.0,51.0,109.0,323.5,4606.938859612368,0.7263526257052088,0.8650293091298824
1.0,6.0,110.0,271.05,1920.6132256907806,0.3638176133550433,0.43016541898217275
1.0,110.0,116.0,266.08,4322.124566729266,0.8698380576920783,0.9859650260708557
1.0,51.0,105.0,179.97,2683.779715418373,0.7369456925811547,0.9038078956993937
1.0,28.0,75.0,291.86,5350.914882798857,0.7051753791633615,1.1139620688147094
3.0,80.0,108.0,757.14,9501.860550513158,0.9917080276049992,2.493603565403344
4.0,96.0,103.0,312.27500000000003,4748.203816806232,0.9969673084368867,3.281729764324036
1.0,71.0,82.0,537.9200000000001,11207.46318501554,0.8563725994782067,1.2675945621906402
1.0,25.0,80.0,117.22,1943.6043681995056,0.6651626230566113,1.0026105852359992
3.0,103.0,114.0,135.45000000000002,1637.6549920443974,0.9952965781386766,2.397644230367217
1.0,38.0,44.0,186.9,5961.671534028869,0.8604935019160349,1.9359170077555674
3.0,99.0,108.0,132.15,1668.0167448661773,0.9955088557492767,2.5031605704373203
1.0,26.0,40.0,115.9,3766.9699143627736,0.8263494365045646,1.9668116145351102
1.0,74.0,109.0,342.04,5420.972204970818,0.8084945368899815,0.9628539168592003
2.0,98.0,115.0,334.0,3561.5418221404343,0.9904089889964824,1.750040229968904
2.0,54.0,56.0,323.34000000000003,5848.073289635707,0.9927968979301215,2.9714239305886614
1.0,14.0,53.0,15.0,359.8458691832228,0.6877317813556081,1.3775430671321316
2.0,92.0,109.0,484.65999999999997,5388.969513907288,0.9902500734078883,1.8257955759381008
1.0,28.0,28.0,145.84,6087.135613879464,0.8783657461646022,2.5306339464673178
1.0,70.0,110.0,553.28,8550.05578623553,0.7948315019045211,0.9397814000371797
3.0,98.0,109.0,398.7033333333333,4986.956214320875,0.9952418071495288,2.48435891052555
1.0,8.0,26.0,17.700000000000003,708.0548547409579,0.7767288399419605,2.319196434665788
1.0,35.0,63.0,245.97,5694.497605442639,0.7875484657069991,1.406167413891779
2.0,43.0,69.0,623.915,9696.816713555847,0.9839832133873807,2.554414423056537
1.0,17.0,21.0,342.36,15907.423006786841,0.8609843581812154,2.82794980983406
3.0,74.0,108.0,557.4,6982.149441767085,0.9897143775602204,2.4885906253832526
1.0,14.0,116.0,133.0,1087.0927626918663,0.4361721908041334,0.4944029772836372
1.0,4.0,30.0,68.28,2248.7929306027095,0.7122567875779754,1.9825003650994404
1.0,34.0,113.0,357.0,4208.876223988159,0.6188555580980144,0.7162751824968482
1.0,112.0,116.0,359.31,5850.950393808032,0.8727763761906776,0.9892956222082131
1.0,76.0,108.0,104.4,1692.3350097631949,0.81591322684475,0.9787721504084561
1.0,68.0,100.0,262.18,4459.280744097908,0.810582024653037,1.0325972231952936
1.0,24.0,42.0,330.0,10144.366979160135,0.8083435608430788,1.8697880836929912
2.0,77.0,108.0,711.96,7938.54439641889,0.9861530133803742,1.8315066159966613
1.0,93.0,111.0,665.38,10898.227538465146,0.8487155676710623,0.9963337866747944
1.0,33.0,61.0,208.93,4928.407806667479,0.784517327524132,1.4318510609040402
1.0,42.0,61.0,505.73,12492.322922468307,0.8236670956206025,1.5033047242157074
1.0,97.0,117.0,296.25,4649.0254951940815,0.8464184391167252,0.9528562105434628
1.0,7.0,110.0,227.72,1668.4052493347945,0.37593367145041917,0.44449102889134307
3.0,93.0,104.0,190.12666666666667,2469.2395527108124,0.9951820110875182,2.5775819035371477
1.0,97.0,114.0,124.07,2007.870612493749,0.8513038638049936,0.9784341355415532
1.0,99.0,103.0,877.1800000000001,15651.233709821292,0.8722041857672963,1.08587804893953
6.0,99.0,112.0,221.98,4141.350374435075,0.9972707267764209,4.346573601567117
1.0,61.0,102.0,348.38,5637.630782409442,0.7838145036975244,0.9832738021891693
1.0,93.0,103.0,328.03000000000003,5795.108504924757,0.8620595958035652,1.0732482224185564
1.0,72.0,76.0,446.21000000000004,9992.2809773958,0.8705405184933199,1.36210687783916
1.0,54.0,113.0,846.8100000000001,11748.637476858847,0.7293665069453198,0.844182654632643
2.0,46.0,52.0,619.05,11726.417337483635,0.9916324756750445,3.114511009695393
2.0,39.0,76.0,1008.105,14521.285204295056,0.9772387427684025,2.3678198312534118
1.0,71.0,76.0,359.27,8030.258003052668,0.8684678578247644,1.3588638520499041
2.0,84.0,112.0,189.215,2056.5031561105475,0.9874524360346516,1.7819201081821021
2.0,115.0,115.0,123.65,1325.4449544979425,0.9932647550106333,1.7550863326069723
6.0,95.0,114.0,350.0366666666667,6431.157755540601,0.9962685841180688,4.281470916794706
3.0,111.0,114.0,388.9166666666667,4699.661749625148,0.9962439344370491,2.399926387678702
2.0,103.0,107.0,285.135,3226.973088313978,0.9926739121668006,1.8571665508236748
1.0,53.0,66.0,187.49,4523.499582977002,0.8464183601921158,1.4636046008024193
2.0,85.0,110.0,326.58500000000004,3599.612700295251,0.9882388735976597,1.808985507844701
1.0,14.0,116.0,214.21,1746.265775560488,0.4361721908041334,0.4944029772836372
2.0,115.0,117.0,316.365,3336.3612544769726,0.9929979286213191,1.7305917411961893
2.0,87.0,115.0,137.65,1466.5899488472053,0.9876325458602528,1.7451342898587017
3.0,77.0,105.0,292.09,3749.253961079128,0.9915234695670461,2.5489447301457937
3.0,84.0,103.0,344.4166666666667,4496.997677787976,0.9937274103313364,2.5933093619047094
1.0,49.0,62.0,180.85,4546.280864502561,0.844735623473789,1.5248323573866758
1.0,49.0,67.0,289.84,6785.712878660794,0.8314133996298021,1.4226989404276091
2.0,57.0,77.0,151.315,2188.2962659733294,0.9878716408620816,2.3710087204117785
1.0,61.0,72.0,169.45,3882.0312405310315,0.8538748606725698,1.3888799885948915
6.0,101.0,110.0,681.33,12894.139779542082,0.9977730807273401,4.41134081168209
4.0,98.0,111.0,242.2,3471.004243815922,0.9962687932394495,3.0920431802095147
1.0,14.0,21.0,150.64,6896.615816530615,0.8454344607782597,2.776875328647757
2.0,105.0,117.0,329.93,3473.6981422791737,0.9914256957119372,1.7278516616755897
2.0,29.0,41.0,375.39500000000004,8204.87806668466,0.9885577907665819,3.5928882761713385
15.0,117.0,117.0,379.806,14601.531119709933,0.9994928337391639,9.7529252808144
1.0,98.0,110.0,112.79999999999998,1897.3854045386315,0.8595320884218558,1.0162811457503178
1.0,35.0,42.0,202.99,6623.100228646381,0.8564637206219848,1.9810953368195707
3.0,91.0,115.0,232.28666666666666,2780.055883880724,0.9930502523305308,2.3756240682124767
1.0,4.0,20.0,302.0,12926.00147852863,0.7769820167032041,2.60415439444266
1.0,103.0,105.0,102.53999999999999,1823.4208132486976,0.8753874051241075,1.0735961367463245
2.0,63.0,115.0,227.24,2390.393908602505,0.9763920152021913,1.725272413526442
2.0,58.0,68.0,152.64000000000001,2418.9860545348974,0.9908490395432482,2.5987505917692113
1.0,59.0,115.0,95.9,1352.1057686945214,0.7452048097817351,0.8505507611001781
1.0,46.0,77.0,99.64999999999999,2027.6171321148395,0.7927692436359955,1.2287323857440668
1.0,73.0,100.0,40.32,710.9851382910024,0.8243455315183058,1.0501304999498444
1.0,5.0,115.0,201.9,1280.4189039107127,0.3368945261358824,0.384519653998591
1.0,21.0,35.0,116.85,4066.95251521013,0.8209562917142228,2.106565884458178
1.0,35.0,42.0,1006.1,32707.287442279525,0.8564637206219848,1.9810953368195707
1.0,8.0,48.0,313.55,7171.536887715554,0.6520418232376102,1.3907936427950036
1.0,46.0,115.0,263.83,3401.245482799958,0.6855821353564724,0.7824995214334768
3.0,68.0,108.0,171.12666666666667,2140.560032239734,0.987081655409892,2.481970768370872
1.0,57.0,67.0,120.64999999999999,2918.0904413552876,0.8550834425690459,1.4632026718138633
2.0,54.0,81.0,123.94999999999999,1723.9030476903558,0.9851388506058157,2.2784968439037927
5.0,101.0,111.0,378.144,6247.383669911245,0.9972938217389051,3.736484514384924
1.0,34.0,55.0,164.05,4283.815263984874,0.8097409959130845,1.5833466784530927
1.0,108.0,110.0,82.68,1420.792403510245,0.8754966299008932,1.035157069900495
8.0,115.0,115.0,126.25750000000001,2881.885477251581,0.9989898792783203,5.512281697783774
15.0,112.0,116.0,231.74733333333333,8969.192413682256,0.9992097994795001,9.817423116696883
1.0,109.0,114.0,112.83,1870.0650703734007,0.8712166231321278,1.0013205857115417
1.0,64.0,101.0,958.11,15842.075160783585,0.7961344236248808,1.0064011954231713
1.0,98.0,102.0,81.0,1471.3216253097282,0.872155281078615,1.094094885052638
2.0,40.0,80.0,1514.91,20987.529041974452,0.975756274616242,2.2774937445536674
1.0,60.0,112.0,286.41999999999996,4158.622823448365,0.7563126567495829,0.8815706178484753
2.0,90.0,107.0,786.4100000000001,8868.626484686723,0.9901931323324739,1.8525253274855775
3.0,60.0,116.0,277.2966666666667,3244.759896159146,0.9778502204388505,2.323132816253794
2.0,15.0,117.0,956.06,8419.292064683017,0.8300048979398199,1.4465283160472846
1.0,109.0,115.0,114.5,1881.2706899440905,0.8697756552774399,0.9927315764364311
6.0,17.0,24.0,705.36,34916.341804016425,0.9962785549721567,11.561068240340354
1.0,88.0,109.0,343.45,5669.716909665522,0.842130688571113,1.0029119493090284
1.0,52.0,72.0,204.05,4529.071522500164,0.8280400635722022,1.3468581018352235
1.0,32.0,111.0,760.02,8959.666420804739,0.6109677948814239,0.717234229932829
1.0,34.0,65.0,262.32,5854.667877155074,0.7758703919060213,1.3558720307525614
2.0,108.0,115.0,500.695,5346.510729684954,0.9922501352929691,1.7532935123238782
2.0,64.0,102.0,341.34,3967.4974988230174,0.9823871075065734,1.9080358751285325
1.0,67.0,73.0,388.48,8910.226619916168,0.86596499289549,1.394751862662428
2.0,88.0,111.0,691.0,7560.88320494104,0.9888433549425509,1.7971694155414972
2.0,104.0,108.0,258.25,2901.9334270343406,0.9926784829443865,1.8436258718492657
3.0,107.0,117.0,307.43,3636.7128142498477,0.9954572121000854,2.3487682801992484
2.0,94.0,101.0,200.665,2375.8528387501324,0.992128578078892,1.9417718372183461
2.0,98.0,105.0,401.41999999999996,4606.107133495051,0.9921661779142015,1.8839075048508473
6.0,110.0,115.0,241.59333333333333,4417.431096454442,0.9982055144234323,4.260002539112048
1.0,23.0,47.0,236.35,6577.253685868307,0.7823061603933176,1.6905848608223981
3.0,106.0,115.0,548.9333333333333,6581.33958476213,0.9955671608823292,2.381645141686966
1.0,21.0,21.0,812.12,38435.835438826674,0.8783657461646022,2.8850399211411983
3.0,87.0,114.0,571.38,6875.454571526161,0.992298772515373,2.3904225926018006
1.0,91.0,103.0,224.22,3949.5653127104542,0.8584131863736552,1.0687085102479457
1.0,50.0,108.0,777.1600000000001,11099.5112174417,0.7244066865931229,0.8690006082496415
3.0,78.0,112.0,343.99666666666667,4189.997904605863,0.9900732460771287,2.418884177657809
2.0,110.0,117.0,542.765,5716.235747296544,0.992265412022626,1.729315114992399
2.0,92.0,101.0,289.71000000000004,3426.415800343611,0.9917568928714833,1.9410443832532012
1.0,47.0,103.0,943.8199999999999,13974.296995796416,0.7238216497543924,0.9011445411994287
2.0,62.0,109.0,136.13,1499.153656673347,0.9783732526496947,1.8038974237653944
1.0,74.0,100.0,234.0,4061.948267236059,0.8269237946950644,1.0534149391750136
1.0,1.0,5.0,379.04,25609.31791479436,0.8514283570612475,4.115088531653921
1.0,40.0,40.0,63.72,2215.730189978249,0.8783657461646022,2.0906167234456565
2.0,63.0,102.0,269.875,3136.2460110317807,0.9818480394786219,1.9069888732607279
1.0,61.0,101.0,59.92,992.5972647256417,0.7861871895108279,0.9938268009409477
1.0,4.0,24.0,693.26,26469.90828054153,0.7509533980963515,2.3268701073690985
1.0,41.0,61.0,1334.27,32768.376444915004,0.8198483779230564,1.4963350438852803
10.0,103.0,108.0,444.855,12805.46057161241,0.998822090685706,7.105539473027212
2.0,92.0,102.0,1983.975,23249.858818587385,0.9915772669290461,1.9258854109604253
2.0,103.0,115.0,347.25,3706.3225105614083,0.9913955725993738,1.7517835107897264
2.0,65.0,72.0,146.8,2236.8147560011503,0.9917538989474324,2.4981313703346992
1.0,42.0,53.0,470.72,13124.059203985764,0.8471438558975785,1.696849232785241
3.0,102.0,108.0,351.17333333333335,4427.786328764168,0.9958894797492914,2.5041176317266265
2.0,98.0,117.0,461.42,4849.319421729717,0.9900301629296823,1.7254195342381315
1.0,88.0,111.0,53.4,878.0192648457655,0.8385898918936189,0.9844469387433193
3.0,112.0,116.0,737.96,8790.597922603229,0.9961454169347521,2.366597725777837
1.0,30.0,61.0,126.43,2930.6354710161613,0.768696330794276,1.4029755852995744
1.0,47.0,47.0,95.78,3009.903150768593,0.8783657461646022,1.8981722347479169
3.0,72.0,111.0,456.4066666666667,5585.671170634352,0.9879693920466798,2.4309813340021535
1.0,56.0,76.0,50.400000000000006,1094.2859108803054,0.8304818130792442,1.2994283040074883
2.0,92.0,117.0,236.58,2485.082239964799,0.9885795464397502,1.722891407195002
3.0,91.0,107.0,433.8333333333333,5501.036407134412,0.9944116953872868,2.518783324950209
2.0,57.0,74.0,119.92500000000001,1787.860430835503,0.9888101606052364,2.442365329750913
1.0,22.0,28.0,96.35,3926.1071219825517,0.8547494604612815,2.462593754154201
1.0,6.0,38.0,53.1,1489.1393265540928,0.6859308193876195,1.6813097182207517
1.0,57.0,116.0,187.2,2571.9495192892687,0.734637822418641,0.8327150017504097
1.0,47.0,68.0,94.5,2178.801788294026,0.8218486990929401,1.391849535188707
1.0,36.0,48.0,256.48,7571.157556215885,0.840994639114366,1.7938266473417719
1.0,17.0,63.0,193.81,3813.8498924739124,0.668731168677962,1.194019186113894
1.0,2.0,67.0,13.5,192.0227966118935,0.47409779865010676,0.8112672180877746
2.0,98.0,103.0,202.395,2360.9367557527994,0.9924908685254891,1.913063369747585
2.0,96.0,105.0,550.84,6316.369631966936,0.9918082869756708,1.8832279478975624
3.0,103.0,116.0,466.07666666666665,5547.115586440565,0.9950403146774957,2.3639722732642645
1.0,15.0,62.0,64.14,1261.6544771605004,0.6548952218940775,1.182151429740197
1.0,66.0,103.0,34.92,584.5581629412201,0.7979235519603111,0.9934000363038042
2.0,77.0,105.0,371.7,4243.203555800305,0.9869849586443795,1.8740694977871362
1.0,5.0,9.0,349.75,21224.988635432153,0.8546814005613133,3.6950096913967343
29.0,113.0,116.0,284.6451724137931,20235.724419659495,0.9995254041246876,18.507084808211975
6.0,102.0,112.0,188.74333333333334,3523.1161279488992,0.9976700650414696,4.34831410503759
3.0,43.0,115.0,339.14,3891.678806970278,0.9525379602901279,2.2787085538125065
1.0,7.0,110.0,292.31,2139.704026833049,0.37593367145041917,0.44449102889134307
3.0,84.0,112.0,813.8033333333333,9925.881352000803,0.9919346826104604,2.4234319213687225
3.0,84.0,108.0,370.8666666666666,4661.235136677742,0.992772097231166,2.496279118832164
4.0,90.0,117.0,990.5025,13568.672217869762,0.9937514477104331,2.957491312517504
2.0,55.0,116.0,20.465,216.56690159477023,0.9690608718402427,1.7005155302551922
2.0,99.0,102.0,510.44500000000005,5993.305923100009,0.9928105220947331,1.92828069392102
1.0,91.0,109.0,194.4,3239.0354480224473,0.8482095142342716,1.0101513564201652
3.0,59.0,114.0,233.39,2770.2815936529837,0.9780633140598307,2.3561297339883476
3.0,58.0,97.0,105.08,1428.6335707922108,0.9857877757947986,2.69507294730396
4.0,45.0,59.0,192.6625,4382.543575342559,0.9946168131131414,4.91135718572062
2.0,94.0,115.0,275.655,2937.578471037865,0.9895069850232628,1.7484464002901916
1.0,105.0,112.0,18.41,321.2326619970164,0.868028205826909,1.0117881208143005
10.0,112.0,112.0,778.375,21778.110660054892,0.9992128979837321,6.906620653638183
1.0,81.0,109.0,196.20000000000002,3185.1761890754256,0.8264890801497564,0.9842840139955578
1.0,15.0,24.0,327.44,13951.677042073936,0.8367622849877829,2.592753628717343
1.0,16.0,40.0,245.34,7368.605453838419,0.76682991451482,1.825147952687425
1.0,110.0,114.0,119.0,1974.838361633915,0.8726953632009875,1.00302015483425
1.0,43.0,81.0,408.0,7699.617920853772,0.7682918119678152,1.1475438566640859
3.0,109.0,109.0,201.58333333333334,2526.588934494453,0.9965364850195145,2.4875907326610887
1.0,10.0,44.0,367.6,9446.149034779766,0.6949059742470939,1.5633822816098046
19.0,112.0,117.0,50.66578947368421,2413.869270372326,0.9992112335919858,12.214276991968152
4.0,77.0,104.0,469.9825,7062.842612114616,0.9930379918617137,3.24421889322479
1.0,67.0,69.0,292.46999999999997,7053.479979094984,0.874262823613644,1.4655242791563836
10.0,105.0,112.0,114.941,3216.276614843827,0.9986329326432787,6.902611897739562
1.0,34.0,110.0,164.95,2022.122187072014,0.6280504220880436,0.7425851939053423
2.0,9.0,111.0,12.785,114.81015975017189,0.7836018049611927,1.424153978282218
1.0,1.0,117.0,89.59,472.0966623028252,0.2821826824002935,0.3176673723147156
3.0,68.0,81.0,430.45,6745.0264287283335,0.9943973145065108,3.114007982587065
1.0,26.0,31.0,255.69,9902.58697677615,0.8602014479653087,2.354388781388529
1.0,31.0,100.0,176.35,2368.6553342143866,0.639016282841143,0.8140403058170261
5.0,113.0,117.0,9.64,155.70120140381172,0.9979343168280425,3.585229823882578
3.0,42.0,73.0,298.15000000000003,4997.660304451138,0.9862041448661942,3.3305797394703487
6.0,96.0,109.0,324.83,6190.021913442671,0.9972291425243339,4.440887868052001
6.0,108.0,114.0,240.85,4434.163606620441,0.9981108445483975,4.2893880433400495
1.0,31.0,55.0,650.76,16624.644018222083,0.795531314638979,1.5555614338368664
2.0,65.0,109.0,233.16500000000002,2569.0191741964163,0.9802384261669576,1.8073363788815056
1.0,13.0,113.0,180.3,1497.738924512495,0.4349383436567975,0.5034059036895787
4.0,102.0,111.0,172.9875,2481.3511633136045,0.9967872702269109,3.093652337541406
4.0,92.0,117.0,379.59000000000003,5204.403070625605,0.9942331262358144,2.958924829980572
3.0,75.0,114.0,722.4666666666667,8657.765020902729,0.9883329724397221,2.3808690807350597
1.0,44.0,72.0,294.82,6306.327817725999,0.7991075133122477,1.2997975289974015
1.0,28.0,110.0,364.03999999999996,4137.991328608538,0.5841347410607817,0.6906608047731861
2.0,64.0,115.0,256.005,2694.2852256679234,0.9770893327123124,1.7265045647986252
2.0,59.0,79.0,307.83000000000004,4363.387999596112,0.9880173842479065,2.3274580478687166
1.0,72.0,82.0,305.55,6391.045552312733,0.8586048243763662,1.2708986802161557
3.0,102.0,107.0,564.3033333333334,7165.672709071962,0.9960030101294812,2.522814026777208
1.0,96.0,103.0,220.0,3915.546894442187,0.8672749089865861,1.079741190689289
1.0,22.0,38.0,638.75,20917.871142037053,0.813826825126232,1.9948002208955284
1.0,38.0,96.0,75.9,1154.9445979541915,0.6967369823307913,0.9159351069738104
2.0,108.0,111.0,148.11,1631.1723764680721,0.9928410069422731,1.8044349322403441
5.0,104.0,114.0,533.836,8633.923850705,0.9973191831032385,3.658188380919861
2.0,105.0,114.0,913.3299999999999,9813.259320632771,0.9919120531660438,1.7649462510389793
1.0,47.0,115.0,279.0,3623.5220797236225,0.6908047617428349,0.7884604449132429
7.0,77.0,77.0,244.16285714285712,6809.7033586379575,0.9988231546912955,6.639454633983578
1.0,18.0,20.0,187.14,8984.879527972025,0.8699255794599527,2.9156666073187525
2.0,83.0,96.0,1412.805,17337.501251037025,0.9908249289934943,2.0167526685577646
3.0,98.0,100.0,153.35666666666668,2056.4674447249067,0.9963231432458703,2.6605397693587842
1.0,51.0,110.0,306.3,4315.675567942171,0.7237121715738488,0.8556923526507632
3.0,76.0,107.0,290.69,3673.510806435033,0.990702440257791,2.5093880111063576
2.0,37.0,37.0,117.56,2745.374851305268,0.9932647550106333,3.8288928334102073
